,시도,시군,업종,업소명,별점,방문자 리뷰수,블로그 리뷰수,"""음식이 맛있어요""","""가성비가 좋아요""","""친절해요""","""양이 많아요""","""재료가 신선해요""","""특별한 메뉴가 있어요""","""매장이 넓어요""","""매장이 청결해요""","""혼밥하기 좋아요""","""화장실이 깨끗해요""","""인테리어가 멋져요""","""단체모임 하기 좋아요""","""주차하기 편해요""","""뷰가 좋아요""","""특별한 날 가기 좋아요""","""좌석이 편해요""","""환기가 잘 돼요""","""디저트가 맛있어요""","""커피가 맛있어요""","""음료가 맛있어요""","""대화하기 좋아요""","""사진이 잘 나와요""","""집중하기 좋아요""","""반찬이 잘 나와요""","""포장이 깔끔해요""","""현지 맛에 가까워요""","""메뉴 구성이 알차요""","""고기 질이 좋아요""","""직접 잘 구워줘요""","""깨끗해요""","""조용히 쉬기 좋아요""","""대중교통이 편해요""","""냉난방이 잘돼요""","""바비큐 해먹기 좋아요 ""","""반려동물과 가기 좋아요""","""아늑해요""","""음식이 빨리 나와요""","""차분한 분위기에요""","""술이 다양해요""","""빵이 맛있어요""","""건강한 맛이에요""","""야외 공간이 멋져요""","""컨셉이 독특해요""","""아이와 가기 좋아요""","""혼술하기 좋아요""","""잡내가 적어요""","""향신료가 강하지 않아요""","""오래 머무르기 좋아요""","""화장실이 잘 되어있어요""","""코스요리가 알차요""","""기본 안주가 좋아요"""
0,제주도,제주시,중식,왕서방,4.46,364,78,182,83,74,55,51,32,23,23,22,19,10,8,6,5,3,1,1,0,0,0,0,0,0,0,0,0,0,0,0,0,0,0,0,0,0,0,0,0,0,0,0,0,0,0,0,0,0,0,0,0,0
1,제주도,제주시,일식,용초밥,4.65,83,24,7,3,6,0,8,7,0,2,4,0,2,0,1,0,1,0,0,0,0,0,0,0,0,0,0,0,0,0,0,0,0,0,0,0,0,0,0,0,0,0,0,0,0,0,0,0,0,0,0,0,0
2,제주도,서귀포시,한식_일반,킹마트분식,4.25,20,,0,0,0,0,0,0,0,0,0,0,0,0,0,0,0,0,0,0,0,0,0,0,0,0,0,0,0,0,0,0,0,0,0,0,0,0,0,0,0,0,0,0,0,0,0,0,0,0,0,0,0
3,제주도,서귀포시,기타양식,낭만팥집,4.47,236,124,0,25,24,0,0,38,0,13,0,1,17,0,7,0,0,0,0,52,8,6,6,2,1,0,0,0,0,0,0,0,0,0,0,0,0,0,0,0,0,0,0,0,0,0,0,0,0,0,0,0,0
4,제주도,서귀포시,한식_육류,삼겹살파티,4.59,52,37,17,12,11,4,10,1,6,2,0,1,2,3,0,1,1,0,0,0,0,0,0,0,0,0,0,0,0,0,0,0,0,0,0,0,0,0,0,0,0,0,0,0,0,0,0,0,0,0,0,0,0
5,제주도,서귀포시,한식_일반,해오름식당,4.29,597,613,224,60,111,58,84,45,43,46,35,17,18,21,66,7,10,0,0,0,0,0,0,0,0,0,0,0,0,0,0,0,0,0,0,0,0,0,0,0,0,0,0,0,0,0,0,0,0,0,0,0,0
6,제주도,서귀포시,한식_일반,부전식당,3.78,75,17,28,7,13,4,10,2,0,1,3,0,0,0,1,0,0,0,0,0,0,0,0,0,0,0,0,0,0,0,0,0,0,0,0,0,0,0,0,0,0,0,0,0,0,0,0,0,0,0,0,0,0
7,제주도,서귀포시,기타양식,투빅커피,,55,4,0,33,25,0,0,5,0,13,0,1,1,0,16,0,0,1,0,5,21,13,2,0,2,0,0,0,0,0,0,0,0,0,0,0,0,0,0,0,0,0,0,0,0,0,0,0,0,0,0,0,0
8,제주도,서귀포시,한식_찌개류,남원콩나물국밥,,122,16,63,56,32,17,14,3,4,12,17,2,3,2,12,0,1,0,0,0,0,0,0,0,0,1,0,0,0,0,0,0,0,0,0,0,0,0,0,0,0,0,0,0,0,0,0,0,0,0,0,0,0
9,제주도,서귀포시,기타양식,꿀맛,4.92,630,161,0,138,294,0,0,278,0,167,0,16,129,0,15,79,0,23,0,482,213,254,42,136,13,0,1,0,0,0,0,0,0,0,0,0,0,0,0,0,0,0,0,0,0,0,0,0,0,0,0,0,0
10,제주도,서귀포시,기타양식,하노이식당,4.6,289,90,227,57,108,123,84,49,16,62,42,22,56,7,1,3,5,0,0,0,0,0,0,0,0,0,0,1,0,0,0,0,0,0,0,0,0,0,0,0,0,0,0,0,0,0,0,0,0,0,0,0,0
11,제주도,서귀포시,한식_분식,앵콜열무냉면,4.66,60,15,26,7,12,4,10,4,1,3,5,1,0,0,2,0,0,0,0,0,0,0,0,0,0,0,0,0,0,0,0,0,0,0,0,0,0,0,0,0,0,0,0,0,0,0,0,0,0,0,0,0,0
12,제주도,서귀포시,한식_일반,얼큰이공주칼국수,4.68,128,15,60,32,30,25,22,8,2,23,10,2,1,4,6,0,1,0,0,0,0,0,0,0,0,0,0,0,0,0,0,0,0,0,0,0,0,0,0,0,0,0,0,0,0,0,0,0,0,0,0,0,0
13,제주도,서귀포시,일식,오규동,4.33,194,81,39,28,12,4,3,3,4,21,21,2,1,0,1,0,0,0,0,0,0,0,0,0,0,0,1,0,1,0,0,0,0,0,0,0,0,0,0,0,0,0,0,0,0,0,0,0,0,0,0,0,0
14,제주도,서귀포시,한식_육류,삼삼막창,,,,0,0,0,0,0,0,0,0,0,0,0,0,0,0,0,0,0,0,0,0,0,0,0,0,0,0,0,0,0,0,0,0,0,0,0,0,0,0,0,0,0,0,0,0,0,0,0,0,0,0,0
15,제주도,서귀포시,한식_일반,일번지식당,4.27,162,481,55,8,30,4,15,4,15,8,1,1,0,9,1,0,2,0,0,0,0,0,0,0,0,0,0,0,0,1,1,0,0,0,0,0,0,0,0,0,0,0,0,0,0,0,0,0,0,0,0,0,0
16,제주도,서귀포시,한식_찌개류,오일장왕십리식당,4.3,23,,0,0,0,0,0,0,0,0,0,0,0,0,0,0,0,0,0,0,0,0,0,0,0,0,0,0,0,0,0,0,0,0,0,0,0,0,0,0,0,0,0,0,0,0,0,0,0,0,0,0,0
17,제주도,서귀포시,한식_해산물,바당어죽,,,,0,0,0,0,0,0,0,0,0,0,0,0,0,0,0,0,0,0,0,0,0,0,0,0,0,0,0,0,0,0,0,0,0,0,0,0,0,0,0,0,0,0,0,0,0,0,0,0,0,0,0
18,제주도,서귀포시,한식_일반,금복식당,,3,105,0,0,0,0,0,0,0,0,0,0,0,0,0,0,0,0,0,0,0,0,0,0,0,0,0,0,0,0,0,0,0,0,0,0,0,0,0,0,0,0,0,0,0,0,0,0,0,0,0,0,0
19,제주도,서귀포시,한식_육류,돈하르방,4.47,214,50,81,49,56,22,24,15,2,6,1,4,2,1,1,3,3,0,0,0,0,0,0,0,0,0,0,0,0,2,2,0,0,0,0,0,0,0,0,0,0,0,0,0,0,0,0,0,0,0,0,0,0
20,제주도,서귀포시,한식_일반,신선국수,4.1,29,12,15,6,5,3,6,2,0,3,3,0,0,0,1,0,0,0,0,0,0,0,0,0,0,0,0,0,0,0,0,0,0,0,0,0,0,0,0,0,0,0,0,0,0,0,0,0,0,0,0,0,0
21,제주도,서귀포시,중식,줄서서먹는짜장신시가지점,,,,0,0,0,0,0,0,0,0,0,0,0,0,0,0,0,0,0,0,0,0,0,0,0,0,0,0,0,0,0,0,0,0,0,0,0,0,0,0,0,0,0,0,0,0,0,0,0,0,0,0,0
22,제주도,서귀포시,한식_일반,오아시스,4.36,41,21,0,0,11,0,0,0,0,0,0,0,3,0,1,2,0,0,0,0,0,0,0,1,0,0,0,0,0,0,0,5,5,2,2,1,0,0,0,0,0,0,0,0,0,0,0,0,0,0,0,0,0
23,제주도,서귀포시,중식,중화요리 궁,,,,0,0,0,0,0,0,0,0,0,0,0,0,0,0,0,0,0,0,0,0,0,0,0,0,0,0,0,0,0,0,0,0,0,0,0,0,0,0,0,0,0,0,0,0,0,0,0,0,0,0,0
24,제주도,서귀포시,한식_면류,제주제일밀면,4.55,53,35,16,8,10,3,3,2,2,3,5,3,0,0,2,2,1,0,0,0,0,0,0,0,0,0,0,0,0,0,0,0,0,0,0,0,0,0,0,0,0,0,0,0,0,0,0,0,0,0,0,0,0
25,제주도,서귀포시,한식_일반,서울불고기,4.78,133,89,62,26,39,18,17,6,4,11,4,0,0,4,8,0,1,0,0,0,0,0,0,0,0,0,0,0,0,2,1,0,0,0,0,0,0,0,0,0,0,0,0,0,0,0,0,0,0,0,0,0,0
26,제주도,서귀포시,한식_육류,밥의정석,4.59,152,55,66,27,40,19,25,2,3,24,45,6,1,2,19,1,0,0,0,0,0,0,0,0,0,28,0,0,0,0,0,0,0,0,0,0,0,0,0,0,0,0,0,0,0,0,0,0,0,0,0,0,0
27,제주도,서귀포시,한식_일반,제주면옥,4.24,48,28,17,1,9,2,7,1,0,4,7,0,0,0,0,0,1,0,0,0,0,0,0,0,0,0,0,0,0,0,0,0,0,0,0,0,0,0,0,0,0,0,0,0,0,0,0,0,0,0,0,0,0
28,제주도,서귀포시,한식_일반,소천지,,,,0,0,0,0,0,0,0,0,0,0,0,0,0,0,0,0,0,0,0,0,0,0,0,0,0,0,0,0,0,0,0,0,0,0,0,0,0,0,0,0,0,0,0,0,0,0,0,0,0,0,0
29,제주도,서귀포시,한식_일반,새물국수,4.8,750,280,451,184,271,195,127,48,209,109,34,7,4,51,166,21,2,0,0,0,0,0,0,0,0,0,0,0,0,0,0,0,0,0,0,0,29,11,1,0,0,0,0,0,0,0,0,0,0,0,0,0,0
30,제주도,서귀포시,한식_일반,백년손님,4.36,168,27,51,30,20,15,12,3,2,12,14,4,0,1,6,1,0,0,0,0,0,0,0,0,0,0,0,0,0,0,0,0,0,0,0,0,0,0,0,0,0,0,0,0,0,0,0,0,0,0,0,0,0
31,제주도,서귀포시,한식_일반,해바라기식당,4.39,33,13,22,13,9,6,12,2,2,1,3,0,0,5,0,0,0,0,0,0,0,0,0,0,0,0,0,0,0,0,0,0,0,0,0,0,0,0,0,0,0,0,0,0,0,0,0,0,0,0,0,0,0
32,제주도,서귀포시,한식_찌개류,산바다가든,,,,0,0,0,0,0,0,0,0,0,0,0,0,0,0,0,0,0,0,0,0,0,0,0,0,0,0,0,0,0,0,0,0,0,0,0,0,0,0,0,0,0,0,0,0,0,0,0,0,0,0,0
33,제주도,제주시,한식_일반,제주주민센터,,151,11,0,72,36,0,0,31,0,40,0,4,7,0,4,2,0,5,0,39,80,56,13,5,5,0,1,0,0,0,0,0,0,0,0,0,0,0,0,1,0,0,0,0,0,0,0,0,0,0,0,0,0
34,제주도,제주시,양식,제이학센,4.65,638,233,186,34,138,72,75,54,85,71,8,13,25,16,52,113,21,0,0,0,0,0,0,0,0,0,0,0,1,3,1,0,0,0,0,0,0,0,0,0,10,0,0,0,0,0,0,0,0,0,0,0,0
35,제주도,제주시,기타양식,베이크,,117,128,0,17,74,0,0,32,0,56,0,9,27,0,2,2,0,6,0,0,50,28,18,12,3,0,0,0,0,0,0,0,0,0,0,0,0,0,0,0,0,104,0,0,0,0,0,0,0,0,0,0,0
36,제주도,제주시,한식_육류,돈야탑촌본점,3.89,19,1,0,0,0,0,0,0,0,0,0,0,0,0,0,0,0,0,0,0,0,0,0,0,0,0,0,0,0,0,0,0,0,0,0,0,0,0,0,0,0,0,0,0,0,0,0,0,0,0,0,0,0
37,제주도,제주시,한식_육류,영림흑돼지가든,4.3,86,44,32,6,12,9,13,2,4,2,0,1,1,5,2,0,0,0,0,0,0,0,0,0,0,0,0,0,0,1,0,0,0,0,0,0,0,0,0,0,0,0,0,0,0,0,0,0,0,0,0,0,0
38,제주도,제주시,한식_일반,유별난수제생돈까스,4.48,127,18,44,36,22,14,11,4,1,3,22,0,1,1,1,1,1,0,0,0,0,0,0,0,0,0,0,0,0,0,0,0,0,0,0,0,0,0,0,0,0,0,0,0,0,0,0,0,0,0,0,0,0
39,제주도,제주시,중식,귀빈반점,4.13,137,70,43,45,15,23,4,4,1,3,18,0,1,1,5,0,0,0,0,0,0,0,0,0,0,0,0,0,0,0,0,0,0,0,0,0,0,0,0,0,0,0,0,0,0,0,0,0,0,0,0,0,0
40,제주도,제주시,중식,푸동,,173,25,51,31,17,21,11,8,6,5,20,0,1,1,0,1,0,0,0,0,0,0,0,0,0,0,0,0,0,0,0,0,0,0,0,0,0,0,0,0,0,0,0,0,0,0,0,0,0,0,0,0,0
41,제주도,제주시,한식_면류,만강촌옛날칼국수,4.33,729,182,305,267,105,148,55,50,42,13,73,2,3,13,21,3,2,0,0,0,0,0,0,0,0,0,0,0,0,0,0,0,0,0,0,0,0,0,3,0,0,0,1,0,0,0,0,0,0,0,0,0,0
42,제주도,제주시,한식_육류,조은이웃구이집,3,16,,0,0,0,0,0,0,0,0,0,0,0,0,0,0,0,0,0,0,0,0,0,0,0,0,0,0,0,0,0,0,0,0,0,0,0,0,0,0,0,0,0,0,0,0,0,0,0,0,0,0,0
43,제주도,제주시,한식_분식,쉼표휴게김밥,4.4,22,1,9,5,3,2,1,0,0,0,3,0,0,0,7,1,0,0,0,0,0,0,0,0,0,0,0,0,0,0,0,0,0,0,0,0,0,0,0,0,0,0,0,0,0,0,0,0,0,0,0,0,0
44,제주도,제주시,한식_면류,영락마을회관국수,4.38,117,45,73,41,49,63,24,25,4,7,25,0,1,2,4,1,2,0,0,0,0,0,0,0,0,0,0,0,0,0,0,0,0,0,0,0,0,0,0,0,0,0,0,0,0,0,0,0,0,0,0,0,0
45,제주도,제주시,한식_면류,일공팔공,,,,0,0,0,0,0,0,0,0,0,0,0,0,0,0,0,0,0,0,0,0,0,0,0,0,0,0,0,0,0,0,0,0,0,0,0,0,0,0,0,0,0,0,0,0,0,0,0,0,0,0,0
46,제주도,제주시,한식_면류,제주골목국수,4.11,51,10,22,13,9,10,9,1,1,2,7,0,0,0,0,0,0,0,0,0,0,0,0,0,0,0,0,0,0,0,0,0,0,0,0,0,0,0,0,0,0,0,0,0,0,0,0,0,0,0,0,0,0
47,제주도,제주시,한식_분식,행복분식,,7,2,0,0,0,0,0,0,0,0,0,0,0,0,0,0,0,0,0,0,0,0,0,0,0,0,0,0,0,0,0,0,0,0,0,0,0,0,0,0,0,0,0,0,0,0,0,0,0,0,0,0,0
48,제주도,제주시,기타양식,맠(makk),4.71,262,42,0,76,95,0,0,72,0,40,0,6,5,0,14,0,0,5,0,0,4,12,2,9,2,0,0,0,0,0,0,0,0,0,0,0,0,0,0,0,0,65,0,0,0,0,0,0,0,0,0,0,0
49,제주도,제주시,한식_일반,하이한담,4.88,127,91,59,45,54,15,34,18,0,10,12,1,4,0,0,1,0,0,0,0,0,0,0,0,0,0,0,0,0,0,0,0,0,0,0,0,0,0,0,0,0,0,0,0,0,0,0,0,0,0,0,0,0
50,제주도,제주시,한식_일반,강김밥집,4.49,161,8,57,29,43,8,30,5,2,25,24,0,2,0,11,0,1,0,0,0,0,0,0,0,0,0,1,0,0,0,0,0,0,0,0,0,0,0,0,0,0,0,0,0,0,0,0,0,0,0,0,0,0
51,제주도,제주시,기타양식,꿀봉,,"1,692",353,958,271,648,135,205,552,19,247,37,16,136,7,152,39,34,2,0,0,0,0,0,9,0,0,0,0,2,0,0,0,0,0,0,0,3,17,0,0,0,2,0,20,11,11,0,0,0,0,0,0,0
52,제주도,제주시,양식,치꼬,,"1,281",244,737,206,498,27,282,339,20,215,135,21,100,2,84,42,19,1,0,0,0,0,2,6,0,0,0,40,1,0,0,0,0,0,0,0,0,0,54,0,0,0,0,2,1,0,3,0,0,0,0,0,0
53,제주도,제주시,한식_일반,해안정육식당,4.56,245,13,84,13,52,9,33,7,27,15,1,5,5,19,32,3,3,0,0,0,0,0,0,0,0,0,0,0,0,2,0,0,0,0,0,0,0,0,0,0,0,0,0,0,0,1,0,0,0,0,0,0,0
54,제주도,제주시,기타양식,쏠레일베이커리카페,4.58,104,11,0,21,31,0,0,2,0,23,0,3,9,0,13,2,0,3,0,34,32,14,4,4,2,0,0,0,0,0,0,0,0,0,0,0,0,0,0,0,0,0,0,0,0,0,0,0,0,0,0,0,0
55,제주도,제주시,한식_육류,오솔길,4.68,88,6,43,23,31,13,20,4,8,10,2,2,0,2,5,0,2,0,0,0,0,0,0,0,0,0,0,0,0,5,1,0,0,0,0,0,0,0,0,0,0,0,0,0,0,0,0,0,0,0,0,0,0
56,제주도,제주시,중식,블랙데이,4.76,210,51,81,80,26,36,25,7,0,5,26,1,0,0,2,0,2,0,0,0,0,0,0,0,0,0,0,0,0,0,0,0,0,0,0,0,0,0,0,0,0,0,0,0,0,0,0,0,0,0,0,0,0
57,제주도,제주시,한식_일반,조약돌,4.61,158,466,70,10,47,9,40,12,38,26,0,5,2,23,31,0,3,0,0,0,0,0,0,0,0,0,0,0,0,2,3,0,0,0,0,0,0,0,0,0,0,0,0,0,0,0,0,0,0,0,0,0,0
58,제주도,제주시,한식_육류,꼬불집,,,,0,0,0,0,0,0,0,0,0,0,0,0,0,0,0,0,0,0,0,0,0,0,0,0,0,0,0,0,0,0,0,0,0,0,0,0,0,0,0,0,0,0,0,0,0,0,0,0,0,0,0
59,제주도,제주시,한식_일반,사계오름,4.33,112,4,39,23,13,6,5,3,5,1,7,1,0,2,1,0,2,0,0,0,0,0,0,0,0,0,0,0,0,0,0,0,0,0,0,0,0,0,0,0,0,0,0,0,0,0,0,0,0,0,0,0,0
60,제주도,제주시,한식_일반,옥이이모,4.5,172,40,104,117,47,62,47,2,7,28,38,3,0,2,4,1,0,0,2,0,0,0,3,0,0,0,0,0,0,0,0,0,0,0,0,0,0,0,21,0,0,0,27,0,0,4,5,0,0,0,0,0,0
61,제주도,제주시,한식_일반,금악 똣똣라면,4.67,"1,192",430,814,372,574,243,207,320,10,258,222,41,31,1,80,20,22,0,0,0,0,0,0,0,0,0,0,0,0,0,0,0,0,0,0,0,0,0,1,0,0,0,0,0,0,0,0,0,0,0,0,0,0
62,제주도,제주시,한식_일반,독도는 우리땅,4.65,43,21,15,9,8,2,5,3,0,0,2,0,0,0,0,0,0,0,0,0,0,0,0,0,0,0,0,0,0,0,0,0,0,0,0,0,0,0,0,0,0,0,0,0,0,0,0,0,0,0,0,0,0
63,제주도,제주시,한식_일반,또만나,4.6,27,8,14,9,3,1,6,4,0,0,6,0,1,0,0,0,0,0,0,0,0,0,0,0,0,0,0,0,0,0,0,0,0,0,0,0,0,0,0,0,0,0,0,0,0,0,0,0,0,0,0,0,0
64,제주도,제주시,한식_분식,주먹밥이야기,4.79,94,2,48,14,23,30,15,2,1,8,17,0,0,0,0,0,0,0,0,0,0,0,0,0,0,0,0,0,0,0,0,0,0,0,0,0,0,0,0,0,0,0,0,0,0,0,0,0,0,0,0,0,0
65,제주도,제주시,한식_일반,순대일번지,,3,6,0,0,0,0,0,0,0,0,0,0,0,0,0,0,0,0,0,0,0,0,0,0,0,0,0,0,0,0,0,0,0,0,0,0,0,0,0,0,0,0,0,0,0,0,0,0,0,0,0,0,0
66,제주도,제주시,한식_면류,청풍국수,3.69,23,4,12,5,1,2,0,3,0,0,2,0,0,0,0,0,0,0,0,0,0,0,0,0,0,0,0,0,0,0,0,0,0,0,0,0,0,0,0,0,0,0,0,0,0,0,0,0,0,0,0,0,0
67,제주도,제주시,한식_육류,남문두루치기,,,,0,0,0,0,0,0,0,0,0,0,0,0,0,0,0,0,0,0,0,0,0,0,0,0,0,0,0,0,0,0,0,0,0,0,0,0,0,0,0,0,0,0,0,0,0,0,0,0,0,0,0
68,제주도,제주시,기타양식,삼복당,,38,29,0,14,6,0,0,6,0,4,0,0,0,0,0,0,0,0,0,0,0,0,0,0,0,0,0,0,0,0,0,0,0,0,0,0,0,0,0,0,0,18,0,0,0,0,0,0,0,0,0,0,0
69,제주도,제주시,한식_일반,김희선제주몸국,4.46,"2,949","1,860",965,251,393,121,266,369,202,222,108,69,19,32,370,31,17,0,0,0,0,0,0,0,0,0,0,0,0,0,0,0,0,0,0,0,0,0,0,0,0,0,0,0,0,0,0,0,0,0,0,0,0
70,제주도,제주시,중식,송림반점,4.21,459,379,174,92,74,62,40,35,3,3,20,2,1,0,2,0,2,0,0,0,0,0,0,0,0,0,0,0,0,0,0,0,0,0,0,0,0,0,0,0,0,0,0,0,0,0,0,0,0,0,0,0,0
71,제주도,제주시,한식_면류,진이칼국수,4.32,22,16,8,3,5,4,3,2,0,1,0,0,0,0,0,0,0,0,0,0,0,0,0,0,0,0,0,0,0,0,0,0,0,0,0,0,0,0,0,0,0,0,0,0,0,0,0,0,0,0,0,0,0
72,제주도,제주시,한식_일반,시민명가,3.79,31,4,10,7,3,3,2,0,1,1,5,0,0,1,0,0,0,0,0,0,0,0,0,0,0,0,0,0,0,0,0,0,0,0,0,0,0,0,0,0,0,0,0,0,0,0,0,0,0,0,0,0,0
73,제주도,제주시,한식_일반,왕왕순대국밥몸국,4.57,51,12,29,19,21,9,6,1,0,3,13,0,0,0,1,0,0,0,0,0,0,0,0,0,0,0,0,0,0,0,0,0,0,0,0,0,0,0,0,0,0,0,0,0,0,0,0,0,0,0,0,0,0
74,제주도,제주시,기타양식,백년귤화다,4.77,102,53,0,14,14,0,0,6,0,9,0,0,0,0,1,1,0,1,0,5,9,10,4,0,1,0,0,0,0,0,0,0,0,0,0,0,0,0,0,0,0,0,0,0,0,0,0,0,0,0,0,0,0
75,제주도,제주시,한식_일반,광주빛고을,4.26,36,6,8,2,6,6,4,0,1,2,2,0,0,1,1,0,0,0,0,0,0,0,0,0,0,0,0,0,0,0,0,0,0,0,0,0,0,0,0,0,0,0,0,0,0,0,0,0,0,0,0,0,0
76,제주도,제주시,한식_육류,동광생오리집,4.31,77,29,45,16,14,21,15,4,7,0,0,0,0,13,1,0,1,0,0,0,0,0,0,0,0,0,0,0,0,2,0,0,0,0,0,0,0,0,0,0,0,0,0,0,0,0,0,0,0,0,0,0,0
77,제주도,제주시,한식_육류,토닥토닥,4.38,25,21,0,0,0,0,0,0,0,0,0,0,0,0,0,0,0,0,0,0,0,0,0,0,0,0,0,0,0,0,0,0,0,0,0,0,0,0,0,0,0,0,0,0,0,0,0,0,0,0,0,0,0
78,제주도,제주시,일식,오동여,4.32,69,24,24,6,13,6,11,7,0,4,4,2,0,4,0,0,0,0,0,0,0,0,0,0,0,0,0,0,0,0,0,0,0,0,0,0,0,0,0,0,0,0,0,0,0,0,0,0,0,0,0,0,0
79,제주도,제주시,한식_육류,옛날통닭닭치고족치고함덕점,4.71,303,14,97,66,59,14,40,7,1,33,3,2,1,1,3,0,2,0,0,0,0,0,0,0,0,0,0,0,0,0,0,0,0,0,0,0,0,0,0,0,0,0,0,0,0,0,1,0,0,0,0,0,0
80,제주도,제주시,한식_일반,동카름,4.48,548,333,209,42,55,55,73,34,2,31,12,5,30,0,9,119,2,0,0,0,0,0,0,0,0,0,0,0,0,0,0,0,0,0,0,0,0,0,1,0,0,0,1,1,0,0,0,0,0,0,0,0,0
81,제주도,제주시,한식_일반,제라진밥상,4.65,797,168,419,370,305,183,177,2,36,81,150,11,2,11,36,4,3,0,0,0,0,0,0,0,0,262,0,0,0,0,0,0,0,0,0,0,0,0,0,0,0,0,0,0,0,0,0,0,0,0,0,0,0
82,제주도,제주시,한식_면류,함덕우동집,4.65,120,33,66,41,44,46,26,3,2,27,44,5,8,0,15,1,0,0,0,0,0,0,0,0,0,0,0,0,0,0,0,0,0,0,0,0,0,0,0,0,0,0,0,0,0,0,0,0,0,0,0,0,0
83,제주도,제주시,한식_육류,몰돗,4.79,583,161,373,186,301,113,274,242,3,55,19,13,0,13,31,1,39,0,0,0,0,0,0,0,0,0,0,0,1,11,8,0,0,0,0,0,0,0,0,0,0,0,0,0,0,0,0,1,0,0,0,0,0
84,제주도,제주시,한식_일반,선이네밥집,4.46,397,126,176,95,63,49,31,6,0,7,28,0,3,1,4,2,0,0,0,0,0,0,0,0,0,0,0,1,0,0,0,0,0,0,0,0,0,0,2,0,0,0,0,0,0,0,0,0,0,0,0,0,0
85,제주도,제주시,한식_육류,숨어있는집 함덕펜션,,,,0,0,0,0,0,0,0,0,0,0,0,0,0,0,0,0,0,0,0,0,0,0,0,0,0,0,0,0,0,0,0,0,0,0,0,0,0,0,0,0,0,0,0,0,0,0,0,0,0,0,0
86,제주도,제주시,기타양식,김녕빵집,4.59,698,257,1,175,184,0,0,108,0,83,0,5,23,0,26,5,0,4,0,0,46,16,4,14,3,0,0,0,0,0,0,0,0,0,0,0,0,0,0,0,0,442,0,0,0,0,0,0,0,0,0,0,0
87,제주도,제주시,한식_일반,소라횟집,,260,226,99,38,33,25,54,4,12,12,3,0,0,5,13,9,3,0,0,0,0,0,0,0,0,0,4,0,7,0,0,0,0,0,0,0,0,1,0,0,0,0,12,0,0,0,0,0,0,0,0,0,0
88,제주도,제주시,한식_일반,우리두리,4.54,368,233,216,107,72,79,78,81,4,6,5,1,2,4,9,0,5,0,0,0,0,0,0,0,0,0,0,0,0,0,0,0,0,0,0,0,1,0,0,0,0,0,0,0,0,0,0,0,0,0,0,0,0
89,제주도,제주시,한식_일반,신미국밥,3.95,131,14,37,14,10,7,5,4,2,7,12,2,1,2,2,0,1,0,0,0,1,0,0,0,0,0,0,0,0,0,0,0,0,0,0,0,0,0,0,0,0,0,0,0,0,0,0,0,0,0,0,0,0
90,제주도,제주시,한식_찌개류,대복해장국,4.38,263,89,116,37,24,37,30,38,7,7,29,0,0,1,4,3,1,0,0,0,0,0,0,0,0,0,0,1,0,0,0,0,0,0,0,0,0,0,0,0,0,0,1,0,0,0,0,0,0,0,0,0,0
91,제주도,제주시,한식_일반,만배식당,4.23,245,182,165,127,132,108,74,34,7,15,11,5,1,31,52,4,2,0,0,0,0,0,0,0,0,3,0,0,0,8,1,0,0,0,0,0,0,0,0,0,0,0,0,0,1,0,0,0,0,0,0,0,0
92,제주도,제주시,한식_일반,외도우렁이쌈밥,4.57,97,18,42,19,17,12,15,6,5,5,13,1,0,1,0,1,0,0,0,0,0,0,0,0,0,0,0,0,0,0,0,0,0,0,0,0,0,0,0,0,0,0,0,0,0,0,0,0,0,0,0,0,0
93,제주도,제주시,한식_육류,몽돌,,6,634,0,0,0,0,0,0,0,0,0,0,0,0,0,0,0,0,0,0,0,0,0,0,0,0,0,0,0,0,0,0,0,0,0,0,0,0,0,0,0,0,0,0,0,0,0,0,0,0,0,0,0
94,제주도,제주시,한식_육류,소문난두루치기,4.05,84,13,26,24,15,19,7,3,5,3,10,1,0,7,3,0,0,0,0,0,0,0,0,0,0,0,0,0,0,0,0,0,0,0,0,0,0,0,0,0,0,0,0,0,0,0,0,0,0,0,0,0,0
95,제주도,제주시,중식,라이라이,,,,0,0,0,0,0,0,0,0,0,0,0,0,0,0,0,0,0,0,0,0,0,0,0,0,0,0,0,0,0,0,0,0,0,0,0,0,0,0,0,0,0,0,0,0,0,0,0,0,0,0,0
96,제주도,제주시,한식_면류,용당밀면,3.94,44,13,15,10,3,10,4,3,1,4,7,0,0,1,1,0,2,0,0,0,0,0,0,0,0,0,0,0,0,0,0,0,0,0,0,0,0,0,0,0,0,0,0,0,0,0,0,0,0,0,0,0,0
97,제주도,제주시,한식_육류,장군닭,4.19,10,9,0,0,0,0,0,0,0,0,0,0,0,0,0,0,0,0,0,0,0,0,0,0,0,0,0,0,0,0,0,0,0,0,0,0,0,0,0,0,0,0,0,0,0,0,0,0,0,0,0,0,0
98,제주도,제주시,한식_육류,재현이네갈비,4.51,83,15,23,17,11,16,3,2,7,3,2,0,2,9,0,2,2,0,0,0,0,0,0,0,0,0,0,0,0,0,0,0,0,0,0,0,0,0,0,0,0,0,0,0,0,0,0,0,0,0,0,0,0
99,제주도,제주시,한식_면류,오양손칼국수,4.51,282,69,133,64,58,74,44,16,0,17,27,0,2,2,2,2,3,0,0,0,0,0,0,0,0,0,0,0,0,0,0,0,0,0,0,0,0,0,0,0,0,0,0,0,0,0,0,0,0,0,0,0,0
100,제주도,제주시,한식_육류,넉넉한밥상,4.3,87,12,30,5,25,5,4,0,3,5,8,1,1,1,1,2,0,0,0,0,0,0,0,0,0,8,0,0,0,0,0,0,0,0,0,0,0,0,0,0,0,0,0,0,0,0,0,0,0,0,0,0,0
101,제주도,제주시,한식_일반,번영가든,4.25,30,1,4,8,4,4,2,0,1,1,4,0,0,0,7,0,0,0,0,0,0,0,0,0,0,3,0,0,0,0,0,0,0,0,0,0,0,0,0,0,0,0,0,0,0,0,0,0,0,0,0,0,0
102,제주도,제주시,한식_일반,행복맛집,4.89,754,19,603,329,467,329,429,129,5,185,77,27,6,10,20,6,15,0,0,0,0,0,0,0,0,4,0,0,0,0,0,0,0,0,0,0,0,3,1,0,0,0,3,0,0,0,0,0,1,0,0,0,0
103,제주도,제주시,한식_일반,화북코끼리만두,,,,0,0,0,0,0,0,0,0,0,0,0,0,0,0,0,0,0,0,0,0,0,0,0,0,0,0,0,0,0,0,0,0,0,0,0,0,0,0,0,0,0,0,0,0,0,0,0,0,0,0,0
104,제주도,제주시,한식_일반,해동이네,4.67,129,14,57,22,29,23,15,6,1,13,16,8,2,2,11,3,1,0,0,0,0,0,0,0,0,0,0,0,0,0,0,0,0,0,0,0,0,0,0,0,0,0,0,0,0,0,0,0,0,0,0,0,0
105,제주도,제주시,한식_일반,일호생구이,,,,0,0,0,0,0,0,0,0,0,0,0,0,0,0,0,0,0,0,0,0,0,0,0,0,0,0,0,0,0,0,0,0,0,0,0,0,0,0,0,0,0,0,0,0,0,0,0,0,0,0,0
106,제주도,제주시,한식_육류,만나아구찜,4.29,20,1,0,0,0,0,0,0,0,0,0,0,0,0,0,0,0,0,0,0,0,0,0,0,0,0,0,0,0,0,0,0,0,0,0,0,0,0,0,0,0,0,0,0,0,0,0,0,0,0,0,0,0
107,제주도,제주시,한식_일반,넉둥베기고사리육개장,4.62,"1,192",892,504,106,279,193,135,298,7,50,40,4,7,1,4,2,8,0,0,0,0,0,1,0,0,0,0,1,0,0,0,0,0,0,0,0,0,0,4,0,0,0,2,0,0,0,1,1,0,0,0,0,0
108,제주도,제주시,한식_육류,애진,,2,14,0,0,0,0,0,0,0,0,0,0,0,0,0,0,0,0,0,0,0,0,0,0,0,0,0,0,0,0,0,0,0,0,0,0,0,0,0,0,0,0,0,0,0,0,0,0,0,0,0,0,0
109,제주도,제주시,한식_일반,김영미재첩해장국,4.54,257,60,109,63,58,60,26,16,0,15,35,5,0,2,11,0,1,0,0,0,0,0,0,0,0,0,0,0,0,0,0,0,0,0,0,0,0,0,0,0,0,0,0,0,0,0,0,0,0,0,0,0,0
110,제주도,제주시,한식_면류,신해바라기제2호점,4.01,97,53,23,9,10,1,1,8,3,2,6,0,0,1,0,1,0,0,0,0,0,0,0,0,0,0,0,0,0,0,0,0,0,0,0,0,0,0,0,0,0,0,0,0,0,0,0,0,0,0,0,0,0
111,제주도,제주시,한식_면류,남현순대,4.03,30,9,10,1,4,1,0,1,0,0,2,0,0,0,0,0,0,0,0,0,0,0,0,0,0,0,0,0,0,0,0,0,0,0,0,0,0,0,0,0,0,0,0,0,0,0,0,0,0,0,0,0,0
112,제주도,제주시,한식_일반,속초집,3.72,24,28,9,4,1,2,3,2,0,1,0,0,0,2,0,0,0,0,0,0,0,0,0,0,0,0,0,0,0,0,0,0,0,0,0,0,0,0,0,0,0,0,0,0,0,0,0,0,0,0,0,0,0
113,제주도,제주시,한식_면류,도원식당,,1,7,0,0,0,0,0,0,0,0,0,0,0,0,0,0,0,0,0,0,0,0,0,0,0,0,0,0,0,0,0,0,0,0,0,0,0,0,0,0,0,0,0,0,0,0,0,0,0,0,0,0,0
114,제주도,제주시,한식_일반,추자바다숯불갈비,4.5,22,3,8,2,6,1,3,1,1,0,0,0,0,1,0,0,0,0,0,0,0,0,0,0,0,0,0,0,0,0,0,0,0,0,0,0,0,0,0,0,0,0,0,0,0,0,0,0,0,0,0,0,0
115,제주도,제주시,한식_일반,비자림길,4.57,459,298,199,99,85,63,78,60,19,53,5,29,36,7,53,20,25,0,0,0,0,0,0,0,0,0,0,0,0,0,0,0,0,0,0,0,0,0,0,0,0,0,0,0,0,0,0,0,0,0,0,0,0
116,제주도,제주시,한식_면류,면사무소,,,,0,0,0,0,0,0,0,0,0,0,0,0,0,0,0,0,0,0,0,0,0,0,0,0,0,0,0,0,0,0,0,0,0,0,0,0,0,0,0,0,0,0,0,0,0,0,0,0,0,0,0
117,제주도,서귀포시,중식,영춘반점,4.33,163,74,42,20,16,3,6,6,1,3,8,0,0,0,1,0,1,0,0,0,0,0,0,0,0,0,0,0,0,0,0,0,0,0,0,0,0,0,0,0,0,0,0,0,0,0,0,0,0,0,0,0,0
118,제주도,서귀포시,한식_일반,신영음식점,,7,2,0,0,0,0,0,0,0,0,0,0,0,0,0,0,0,0,0,0,0,0,0,0,0,0,0,0,0,0,0,0,0,0,0,0,0,0,0,0,0,0,0,0,0,0,0,0,0,0,0,0,0
119,제주도,서귀포시,한식_일반,뽕뽕식당,4.4,114,42,30,28,17,10,8,7,10,1,12,1,1,1,0,1,1,0,0,0,0,0,0,0,0,0,0,0,0,0,0,0,0,0,0,0,0,0,0,0,0,0,0,0,0,0,0,0,0,0,0,0,0
120,제주도,서귀포시,한식_일반,한아름식당,4.54,469,199,195,159,96,65,107,27,8,5,2,4,0,12,35,2,6,0,0,0,0,0,0,0,0,0,0,0,0,0,0,0,0,0,0,0,0,0,0,0,0,0,0,0,0,0,0,0,0,0,0,0,0
121,제주도,서귀포시,한식_일반,고성장터국밥,4.44,332,178,130,86,39,36,20,19,18,7,37,4,0,3,14,1,1,0,0,0,0,0,0,0,0,0,0,1,0,0,0,0,0,0,0,0,0,0,0,0,0,0,0,0,0,0,0,0,0,0,0,0,0
122,제주도,서귀포시,일식,옛날어전,,8,17,0,0,0,0,0,0,0,0,0,0,0,0,0,0,0,0,0,0,0,0,0,0,0,0,0,0,0,0,0,0,0,0,0,0,0,0,0,0,0,0,0,0,0,0,0,0,0,0,0,0,0
123,제주도,서귀포시,한식_면류,바당국수,4.32,744,312,274,103,83,125,56,35,61,35,58,9,5,13,63,4,4,0,0,0,0,0,0,0,0,0,0,0,0,0,0,0,0,0,0,0,0,0,0,0,0,0,0,0,0,0,0,0,0,0,0,0,0
124,제주도,제주시,한식_일반,한라산도야지남사골,,2,1,0,0,0,0,0,0,0,0,0,0,0,0,0,0,0,0,0,0,0,0,0,0,0,0,0,0,0,0,0,0,0,0,0,0,0,0,0,0,0,0,0,0,0,0,0,0,0,0,0,0,0
125,제주도,제주시,일식,푸른바다회포차,,9,21,0,0,0,0,0,0,0,0,0,0,0,0,0,0,0,0,0,0,0,0,0,0,0,0,0,0,0,0,0,0,0,0,0,0,0,0,0,0,0,0,0,0,0,0,0,0,0,0,0,0,0
126,제주도,제주시,한식_육류,뽈살집,4.53,705,440,294,108,115,57,114,150,14,33,2,4,5,13,52,1,10,0,0,0,0,0,0,0,0,3,0,0,1,15,0,0,0,0,0,0,0,0,0,0,0,0,0,0,0,0,0,0,0,0,0,0,0
127,제주도,제주시,한식_육류,금순이네,4.17,15,2,8,2,3,1,1,3,2,1,0,1,0,2,2,0,0,0,0,0,0,0,0,0,0,0,0,0,0,0,0,0,0,0,0,0,0,0,0,0,0,0,0,0,0,0,0,0,0,0,0,0,0
128,제주도,제주시,한식_일반,공주네국수,4.28,239,143,80,43,39,42,14,7,2,12,16,1,1,5,7,2,0,0,0,0,0,0,0,0,0,0,0,0,0,0,0,0,0,0,0,0,0,0,0,0,0,0,1,0,0,0,0,0,0,0,0,0,0
129,제주도,제주시,한식_면류,24시국수회관,4.36,480,225,177,111,65,75,32,24,13,15,33,4,2,11,19,0,3,0,0,0,0,0,0,0,0,0,0,0,1,0,0,0,0,0,0,0,0,0,1,0,0,0,0,0,0,0,0,0,0,0,0,0,0
130,제주도,제주시,한식_일반,태연종합정육식당,4.46,300,"1,125",152,106,90,57,63,34,35,16,4,7,2,53,4,0,6,0,0,0,0,0,4,0,0,1,0,1,0,32,1,0,0,0,0,0,0,3,21,0,0,0,0,0,2,0,0,0,0,1,0,0,0
131,제주도,제주시,한식_일반,명가돈까스,4.6,52,4,19,10,5,4,11,1,0,0,2,0,0,0,0,0,0,0,0,0,0,0,0,0,0,0,0,0,0,0,0,0,0,0,0,0,0,0,0,0,0,0,0,0,0,0,0,0,0,0,0,0,0
132,제주도,제주시,한식_일반,요메기섬현재식당,,,,0,0,0,0,0,0,0,0,0,0,0,0,0,0,0,0,0,0,0,0,0,0,0,0,0,0,0,0,0,0,0,0,0,0,0,0,0,0,0,0,0,0,0,0,0,0,0,0,0,0,0
133,제주도,제주시,한식_일반,테왁,4.66,176,75,64,13,26,9,38,25,2,27,5,10,18,2,5,8,11,0,0,0,0,0,0,0,0,0,0,0,0,0,0,0,0,0,0,0,0,0,0,0,0,0,0,0,0,0,0,0,0,0,0,0,0
134,제주도,서귀포시,한식_일반,한동네,4.69,171,82,68,9,39,17,18,17,17,17,5,3,2,10,11,2,1,0,0,0,0,0,0,0,0,0,0,0,0,0,0,0,0,0,0,0,0,0,0,0,0,0,0,0,0,0,0,0,0,0,0,0,0
135,제주도,서귀포시,한식_육류,새서울두루치기,4.36,299,137,108,94,51,36,41,12,7,5,20,0,0,7,2,0,0,0,0,0,0,0,0,0,0,0,0,0,0,1,0,0,0,0,0,0,0,0,0,0,0,0,0,0,0,0,0,0,0,0,0,0,0
136,제주도,제주시,한식_육류,도남해돈가,4.27,29,8,11,6,6,5,8,2,2,0,1,0,0,3,0,0,0,0,0,0,0,0,0,0,0,0,0,0,0,1,0,0,0,0,0,0,0,0,0,0,0,0,0,0,0,0,0,0,0,0,0,0,0
137,제주도,제주시,한식_면류,다랑시,4.21,38,12,17,13,8,7,4,1,2,0,3,0,1,1,1,0,0,0,0,0,0,0,0,0,0,0,0,0,0,0,0,0,0,0,0,0,0,0,0,0,0,0,0,0,0,0,0,0,0,0,0,0,0
138,제주도,제주시,한식_육류,영춘식당,4.57,154,17,115,59,70,58,44,7,11,47,18,5,2,1,0,0,1,0,0,0,0,0,0,0,0,1,0,0,0,0,0,0,0,0,0,0,0,0,0,0,0,0,0,0,0,0,0,0,0,0,0,0,0
139,제주도,제주시,한식_일반,해림,4.12,117,23,56,14,20,20,13,5,12,11,9,1,6,3,1,1,1,0,0,0,0,0,0,0,0,0,0,0,0,0,0,0,0,0,0,0,0,1,0,1,0,0,0,0,0,0,0,0,0,0,0,0,0
140,제주도,제주시,한식_일반,또옵서,4.83,33,6,22,17,18,7,10,0,3,5,2,1,1,0,3,0,0,0,0,0,0,0,0,0,0,0,0,0,0,1,0,0,0,0,0,0,0,0,0,0,0,0,1,0,0,0,0,0,0,0,0,0,0
141,제주도,제주시,중식,효동각,4.19,107,8,33,12,11,5,4,1,1,1,4,0,0,1,0,0,0,0,0,0,0,0,0,0,0,0,0,0,0,0,0,0,0,0,0,0,0,0,0,0,0,0,0,0,0,0,0,0,0,0,0,0,0
142,제주도,제주시,한식_면류,서림칡냉면,4.65,205,40,59,33,35,16,21,5,0,2,14,1,0,0,1,0,0,0,0,0,0,0,0,0,0,0,0,0,0,0,0,0,0,0,0,0,0,0,0,0,0,0,0,0,0,0,0,0,0,0,0,0,0
143,제주도,제주시,한식_일반,마중물,,,,0,0,0,0,0,0,0,0,0,0,0,0,0,0,0,0,0,0,0,0,0,0,0,0,0,0,0,0,0,0,0,0,0,0,0,0,0,0,0,0,0,0,0,0,0,0,0,0,0,0,0
144,제주도,제주시,한식_일반,내도바당,4.49,194,106,75,15,26,13,44,27,3,4,2,0,0,2,8,24,3,0,0,0,0,0,0,2,0,0,0,0,0,0,0,1,0,1,0,0,0,0,0,0,0,0,0,0,0,0,0,0,0,0,2,0,0
145,제주도,제주시,한식_일반,남도별미식당,4.34,35,14,13,12,5,5,3,2,0,1,2,0,1,1,1,0,1,0,0,0,0,0,0,0,0,0,0,0,0,0,0,0,0,0,0,0,0,0,0,0,0,0,0,0,0,0,0,0,0,0,0,0,0
146,제주도,서귀포시,한식_일반,생원전복,4.42,253,99,106,39,23,29,48,26,5,5,2,3,2,11,36,1,2,0,0,0,0,0,0,0,0,0,0,0,0,0,0,0,0,0,0,0,0,0,0,0,0,0,1,0,0,0,0,0,0,0,0,1,0
147,제주도,서귀포시,한식_일반,낙지마당,,105,48,19,8,7,1,5,1,2,1,0,0,0,2,1,0,0,0,0,0,0,0,0,0,0,0,0,0,0,0,0,0,0,0,0,0,0,0,0,0,0,0,0,0,0,0,0,0,0,0,0,0,0
148,제주도,서귀포시,한식_일반,둠비정원,4.45,120,56,51,24,25,11,21,6,1,9,11,0,1,1,1,3,0,0,0,0,0,0,0,0,0,1,0,0,0,0,0,0,0,0,0,0,0,0,0,0,0,0,1,0,0,0,0,0,0,0,0,0,0
149,제주도,서귀포시,한식_육류,김대감숯불갈비,4.12,74,29,22,15,6,13,5,3,5,0,0,0,0,4,8,0,0,0,0,0,0,0,0,0,0,0,0,0,0,0,0,0,0,0,0,0,0,0,0,0,0,0,0,0,0,0,0,0,0,0,0,0,0
150,제주도,서귀포시,한식_일반,성광식당,4.65,91,28,39,46,20,14,7,3,5,6,17,1,0,2,4,1,1,0,0,0,0,0,0,0,0,0,0,0,0,0,0,0,0,0,0,0,0,0,0,0,0,0,0,0,0,0,0,0,0,0,0,0,0
151,제주도,서귀포시,한식_일반,맛있는집,4.57,"1,449","2,878",519,176,345,126,252,106,244,174,20,34,25,131,203,92,48,0,0,0,0,0,1,0,0,0,0,1,0,1,2,0,0,0,0,0,0,1,1,0,0,0,1,0,0,0,0,0,1,0,0,1,0
152,제주도,서귀포시,한식_일반,대광장식당,4.18,57,25,15,10,8,3,4,1,3,1,6,0,1,0,0,2,0,0,0,0,0,0,0,0,0,0,0,0,0,0,0,0,0,0,0,0,0,0,0,0,0,0,0,0,0,0,0,0,0,0,0,0,0
153,제주도,제주시,일식,후년하우스,4.2,84,43,35,19,19,20,30,5,9,3,2,0,1,8,1,1,0,0,0,0,0,0,0,0,0,0,0,0,0,0,0,0,0,0,0,0,0,0,0,0,0,0,0,0,0,0,0,0,0,0,0,0,0
154,제주도,제주시,중식,황궁쟁반 탐라원,4.36,433,158,160,204,50,73,27,25,1,6,49,0,2,4,0,0,4,0,0,0,0,0,0,0,0,0,0,0,0,0,0,0,0,0,0,0,0,0,0,0,0,0,0,0,0,0,0,0,0,0,0,0,0
155,제주도,제주시,한식_일반,현옥식당,4.17,499,418,130,98,32,57,32,20,11,4,38,3,2,8,3,3,3,0,0,0,0,0,0,0,0,0,0,0,0,0,0,0,0,0,0,0,0,0,0,0,0,0,0,0,0,0,0,0,0,0,0,0,0
156,제주도,제주시,한식_육류,탐라가든,4.41,591,248,198,60,43,72,54,35,28,7,0,6,3,36,48,2,9,0,0,0,0,0,0,0,0,1,0,0,0,7,0,0,0,0,0,0,0,0,1,0,0,0,0,0,0,0,0,0,0,0,0,0,0
157,제주도,제주시,한식_일반,추가네,4.24,166,40,62,55,24,20,15,6,10,5,15,2,1,4,0,0,3,0,0,0,0,0,0,0,0,0,0,0,0,0,0,0,0,0,0,0,0,0,0,0,0,0,0,0,0,0,0,1,0,0,0,0,0
158,제주도,제주시,한식_일반,좀녀마을,4.54,282,74,110,33,53,14,44,16,18,18,10,2,4,10,6,4,3,0,0,0,0,0,0,0,0,0,0,0,0,0,0,0,0,0,0,0,0,0,0,0,0,0,0,0,0,0,0,0,0,0,0,0,0
159,제주도,제주시,한식_육류,일오삼가든,,55,1,20,9,10,8,11,1,7,1,0,0,0,6,2,0,1,0,0,0,0,0,0,0,0,0,0,0,0,0,0,0,0,0,0,0,0,0,0,0,0,0,0,0,0,0,0,0,0,0,0,0,0
160,제주도,제주시,한식_일반,인풍,4.05,25,7,8,5,5,4,4,2,2,0,4,0,1,2,0,0,1,0,0,0,0,0,0,0,0,0,0,0,0,0,0,0,0,0,0,0,0,0,0,0,0,0,0,0,0,0,0,0,0,0,0,0,0
161,제주도,제주시,한식_육류,이오리,4.65,111,31,60,28,17,15,11,6,7,4,6,0,1,3,0,3,1,0,0,0,0,0,0,0,0,0,0,0,0,1,1,0,0,0,0,0,0,0,0,0,0,0,0,0,0,0,0,0,0,0,0,0,0
162,제주도,제주시,한식_면류,용담생국수,3.98,76,37,34,17,17,14,10,8,5,4,4,1,0,1,0,0,0,0,0,0,0,0,0,0,0,0,0,0,0,0,0,0,0,0,0,0,0,0,0,0,0,0,0,0,0,0,0,0,0,0,0,0,0
163,제주도,제주시,한식_분식,양반촌,4.31,54,26,31,9,11,6,3,0,2,3,4,0,1,1,0,0,0,0,0,0,0,0,0,0,0,0,0,0,0,0,0,0,0,0,0,0,0,0,0,0,0,0,0,0,0,0,0,0,0,0,0,0,0
164,제주도,제주시,한식_일반,승범이네집,3,10,4,0,0,0,0,0,0,0,0,0,0,0,0,0,0,0,0,0,0,0,0,0,0,0,0,0,0,0,0,0,0,0,0,0,0,0,0,0,0,0,0,0,0,0,0,0,0,0,0,0,0,0
165,제주도,제주시,한식_일반,성춘,4.38,57,15,21,10,14,6,6,4,0,1,3,0,1,1,0,0,0,0,0,0,0,0,0,0,0,0,0,0,0,0,0,0,0,0,0,0,0,0,0,0,0,0,0,0,0,0,0,0,0,0,0,0,0
166,제주도,제주시,중식,삼주칼국수,4.52,46,14,13,8,4,3,2,0,0,1,7,0,0,0,0,1,0,0,0,0,0,0,0,0,0,0,0,0,0,0,0,0,0,0,0,0,0,0,0,0,0,0,0,0,0,0,0,0,0,0,0,0,0
167,제주도,제주시,한식_일반,산내들,4.33,120,126,41,8,17,9,18,6,9,7,4,3,4,5,13,6,3,0,0,0,0,0,0,0,0,0,0,0,0,0,0,0,0,0,0,0,0,0,0,0,0,0,0,0,0,0,0,0,0,0,0,0,0
168,제주도,제주시,한식_일반,부지깽이,4.42,106,95,48,18,26,0,0,28,0,11,0,2,0,7,0,0,0,0,0,0,0,0,8,0,0,0,0,0,0,0,0,0,0,0,0,0,0,0,0,0,0,0,0,0,0,0,1,0,0,2,0,0,9
169,제주도,제주시,한식_일반,무진장오라점,,,,0,0,0,0,0,0,0,0,0,0,0,0,0,0,0,0,0,0,0,0,0,0,0,0,0,0,0,0,0,0,0,0,0,0,0,0,0,0,0,0,0,0,0,0,0,0,0,0,0,0,0
170,제주도,제주시,한식_일반,마라톤식당,4.45,85,25,33,28,14,8,5,0,5,3,10,0,1,3,1,2,2,0,0,0,0,0,0,0,0,32,0,0,1,0,0,0,0,0,0,0,0,0,1,0,0,0,0,0,0,0,0,0,0,0,0,0,0
171,제주도,제주시,한식_일반,동우네,4.61,48,9,7,7,4,1,2,1,0,2,2,0,0,0,0,0,0,0,0,0,0,0,0,0,0,0,0,0,0,0,0,0,0,0,0,0,0,0,0,0,0,0,0,0,0,0,0,0,0,0,0,0,0
172,제주도,제주시,일식,돈가,4.25,148,85,0,0,0,0,0,0,0,0,0,0,0,0,0,0,0,0,0,0,0,0,0,0,0,0,0,0,0,0,0,0,0,0,0,0,0,0,0,0,0,0,0,0,0,0,0,0,0,0,0,0,0
173,제주도,제주시,한식_육류,도남오거리도남점,4.13,95,126,43,33,10,16,19,3,10,3,0,1,0,9,0,0,4,0,0,0,0,0,0,0,0,0,0,0,0,0,0,0,0,0,0,0,0,0,0,0,0,0,0,0,0,0,0,0,0,0,0,0,0
174,제주도,제주시,한식_일반,다해,3.21,58,17,33,10,10,9,6,1,1,1,6,1,1,0,1,0,0,0,0,0,0,0,0,0,0,0,0,0,0,0,0,0,0,0,0,0,0,0,0,0,0,0,0,0,0,0,0,0,0,0,0,0,0
175,제주도,제주시,한식_일반,내가찾은맛고을,,8,1,0,0,0,0,0,0,0,0,0,0,0,0,0,0,0,0,0,0,0,0,0,0,0,0,0,0,0,0,0,0,0,0,0,0,0,0,0,0,0,0,0,0,0,0,0,0,0,0,0,0,0
176,제주도,제주시,한식_육류,깜돈흑돼지,,,,0,0,0,0,0,0,0,0,0,0,0,0,0,0,0,0,0,0,0,0,0,0,0,0,0,0,0,0,0,0,0,0,0,0,0,0,0,0,0,0,0,0,0,0,0,0,0,0,0,0,0
177,제주도,제주시,한식_육류,길벗식당,,,,0,0,0,0,0,0,0,0,0,0,0,0,0,0,0,0,0,0,0,0,0,0,0,0,0,0,0,0,0,0,0,0,0,0,0,0,0,0,0,0,0,0,0,0,0,0,0,0,0,0,0
178,제주도,제주시,한식_일반,광양왕소금깡통구이,,,,0,0,0,0,0,0,0,0,0,0,0,0,0,0,0,0,0,0,0,0,0,0,0,0,0,0,0,0,0,0,0,0,0,0,0,0,0,0,0,0,0,0,0,0,0,0,0,0,0,0,0
179,제주도,제주시,한식_육류,감나무집,,,,0,0,0,0,0,0,0,0,0,0,0,0,0,0,0,0,0,0,0,0,0,0,0,0,0,0,0,0,0,0,0,0,0,0,0,0,0,0,0,0,0,0,0,0,0,0,0,0,0,0,0
